,loss,accuracy,val_loss,val_accuracy
0,0.3205982446670532,0.8819616436958313,0.2866073548793793,0.8964478373527527
1,0.2926144003868103,0.8967704176902771,0.3017672598361969,0.8937000632286072
2,0.28188470005989075,0.9015414714813232,0.2683555781841278,0.9067087173461914
3,0.2757943868637085,0.9040197134017944,0.280372679233551,0.8990311026573181
4,0.2715829014778137,0.9065617918968201,0.28925225138664246,0.8953784704208374
5,0.26798099279403687,0.9076893329620361,0.29095450043678284,0.8958230018615723
