,loss,accuracy,val_loss,val_accuracy
0,0.3486209511756897,0.8650513887405396,0.34542426466941833,0.8701463937759399
1,0.30660247802734375,0.8889964818954468,0.3034820854663849,0.8867393136024475
2,0.2943636178970337,0.8955298066139221,0.2812294065952301,0.8991468548774719
3,0.30591100454330444,0.8890776038169861,0.31459301710128784,0.8792629837989807
4,0.3032573163509369,0.8904921412467957,0.2947564423084259,0.896121621131897
5,0.3104057013988495,0.8872544169425964,0.2982211709022522,0.8855621218681335
