,loss,accuracy,val_loss,val_accuracy
0,0.6517974734306335,0.5714285969734192,0.6669511795043945,0.6153846383094788
1,0.48348456621170044,1.0,0.678157389163971,0.5128205418586731
2,0.462641179561615,0.9285714030265808,0.687810480594635,0.4615384638309479
3,0.4120185077190399,0.9285714030265808,0.7009420990943909,0.41025641560554504
