,loss,accuracy,val_loss,val_accuracy
0,0.27364012598991394,0.9300773739814758,0.19078922271728516,0.9530416131019592
1,0.18595819175243378,0.9524953365325928,0.1715228110551834,0.9530416131019592
